{
  "iteration": "iter-015",
  "description": "Decision-quality bundle (arbiter, aside detector, retake clustering, Gemini context, pause-split, QA metric fixes, network hardening)",
  "aggregate": {
    "sentF1": 0.876,
    "wordF1": 0.953,
    "wordP": 0.947,
    "wordR": 0.959,
    "temporal": 0.967,
    "overall": 0.943
  },
  "aggregate_prev_iter014": {
    "wordF1": 0.943,
    "temporal": 0.8,
    "overall": 0.886
  },
  "decision_eval": {
    "cut_precision": 0.857,
    "cut_recall": 0.502,
    "cut_f1": 0.633,
    "baseline_cut_precision": 0.722,
    "baseline_cut_f1": 0.599
  },
  "per_video": {
    "test-1": {
      "overall_old": 0.9569301956358164,
      "overall_new": 0.9711458692421991
    },
    "test-2": {
      "overall_old": 0.9309434889434889,
      "overall_new": 0.9587954649265905
    },
    "test-5": {
      "overall_old": 0.9201706807286673,
      "overall_new": 0.927460213776722
    },
    "test-6": {
      "overall_old": 0.9454202154398564,
      "overall_new": 0.9454908533611982
    },
    "test-7": {
      "overall_old": 0.8217600908455625,
      "overall_new": 0.9480920464952447
    },
    "test-8": {
      "overall_old": 0.9163216005121638,
      "overall_new": 0.9643759179265659
    },
    "test-9": {
      "overall_old": 0.8600804225959465,
      "overall_new": 0.9357798223801066
    },
    "test-10": {
      "overall_old": 0.7652615075376884,
      "overall_new": 0.9253877587388623
    },
    "test-11": {
      "overall_old": 0.8837667606915378,
      "overall_new": 0.9461264965197216
    },
    "test-12": {
      "overall_old": 0.9419693845344556,
      "overall_new": 0.9633827646129542
    },
    "test-13": {
      "overall_old": 0.9423153488372094,
      "overall_new": 0.9501577394636016
    },
    "test-14": {
      "overall_old": 0.9418935670004769,
      "overall_new": 0.9564081264637002
    },
    "test-15": {
      "overall_old": 0.902887661097852,
      "overall_new": 0.9554867858892699
    },
    "test-40": {
      "overall_old": 0.7780629949604032,
      "overall_new": 0.930939346139638
    },
    "test-41": {
      "overall_old": 0.9082451397743991,
      "overall_new": 0.9426438758185788
    },
    "test-42": {
      "overall_old": 0.8843898646879093,
      "overall_new": 0.9362500222518914
    },
    "test-43": {
      "overall_old": 0.9283161918839022,
      "overall_new": 0.9325917442757912
    },
    "test-44": {
      "overall_old": 0.8514543137254902,
      "overall_new": 0.9580098354661792
    },
    "test-45": {
      "overall_old": 0.8410715978728792,
      "overall_new": 0.8979631288343559
    },
    "test-46": {
      "overall_old": 0.9073707322654463,
      "overall_new": 0.9322406397774687
    },
    "test-47": {
      "overall_old": 0.7675883541147132,
      "overall_new": 0.9299638261833149
    }
  }
}